Date,Open,High,Low,Close,Adj Close,Volume,Dividends,Stock Splits
2026-09-08 00:00:00-04:00,4.423900127410889,4.561999797821045,4.39139986038208,4.41949987411499,4.41949987411499,54690,0.0,0.0
2026-09-09 00:00:00-04:00,4.474100112915039,4.639800071716309,4.467400074005127,4.62470006942749,4.62470006942749,48757,0.0,0.0
2026-09-10 00:00:00-04:00,4.629199981689453,4.9319000244140625,4.536399841308594,4.845900058746338,4.845900058746338,54656,0.0,0.0
2026-09-11 00:00:00-04:00,4.917699813842773,4.9344000816345215,4.740799903869629,4.7683000564575195,4.7683000564575195,55837,0.0,0.0
2026-09-14 00:00:00-04:00,4.85260009765625,4.946899890899658,4.710999965667725,4.755300045013428,4.755300045013428,57072,0.0,0.0
2026-09-15 00:00:00-04:00,4.76039981842041,5.049900054931641,4.76039981842041,5.010000228881836,5.010000228881836,64856,0.0,0.0
2026-09-16 00:00:00-04:00,4.992400169372559,5.0493998527526855,4.900000095367432,5.00029993057251,5.00029993057251,49656,0.0,0.0
2026-09-17 00:00:00-04:00,4.981200218200684,5.005899906158447,4.799699783325195,4.888999938964844,4.888999938964844,53675,0.0,0.0
2026-09-18 00:00:00-04:00,4.831999778747559,4.939799785614014,4.78980016708374,4.844399929046631,4.844399929046631,43572,0.0,0.0
2026-09-21 00:00:00-04:00,4.924799919128418,4.96150016784668,4.62529993057251,4.707499980926514,4.707499980926514,62126,0.0,0.0
2026-09-22 00:00:00-04:00,4.708799839019775,4.779900074005127,4.5594000816345215,4.7621002197265625,4.7621002197265625,67038,0.0,0.0
2026-09-23 00:00:00-04:00,4.702600002288818,4.772799968719482,4.49560022354126,4.633600234985352,4.633600234985352,145155,0.0,0.0
2026-09-24 00:00:00-04:00,4.677700042724609,4.829400062561035,4.470699787139893,4.5279998779296875,4.5279998779296875,100465,0.0,0.0
2026-09-25 00:00:00-04:00,4.570000171661377,4.596099853515625,4.378900051116943,4.462100028991699,4.462100028991699,73894,0.0,0.0
2026-09-28 00:00:00-04:00,4.589099884033203,4.680500030517578,4.426599979400635,4.495299816131592,4.495299816131592,63292,0.0,0.0
2026-09-29 00:00:00-04:00,4.562699794769287,4.594399929046631,4.374000072479248,4.510000228881836,4.510000228881836,63952,0.0,0.0
2026-09-30 00:00:00-04:00,4.534800052642822,4.794099807739258,4.51609992980957,4.6880998611450195,4.6880998611450195,52505,0.0,0.0
2026-10-01 00:00:00-04:00,4.694499969482422,4.783100128173828,4.553599834442139,4.642000198364258,4.642000198364258,52243,0.0,0.0
2026-10-02 00:00:00-04:00,4.644999980926514,4.677999973297119,4.3846001625061035,4.501100063323975,4.501100063323975,61416,0.0,0.0
2026-10-05 00:00:00-04:00,4.570099830627441,4.657800197601318,4.490499973297119,4.545199871063232,4.545199871063232,45682,0.0,0.0
2026-10-06 00:00:00-04:00,4.509900093078613,4.6082000732421875,4.35129976272583,4.569399833679199,4.569399833679199,45682,0.0,0.0
2026-10-07 00:00:00-04:00,4.604000091552734,4.760300159454346,4.584400177001953,4.6168999671936035,4.6168999671936035,34302,0.0,0.0
