# PROME/archive/GATES_TERMINAL_ROWS_2026-09-03.tsv — TERMINAL fire-ledger rows ARCHIVED VERBATIM from PROME/GATES.tsv on 2026-09-03 ~09:3x ET (WQ-166, Will verbatim 'approed go ahead' 09:17): the 14 rows RESOLVED / LAPSED / RETIRED on or before 2026-08-28 (≥7 days before the pass); terminal rows resolved within ~7 days (REG-T02 9/1, ROLL70 9/2) stay live for the dashboard's 7-day 'done' panel and the handbook's ticker-join.
# WHY: GATES.tsv had crossed the 54,250 B physical read cap — a boot that reads it whole loses the TAIL, where the newest rows sit. Terminal rows are history: their canonical record = the row itself (dated cells) + the owner's KB; nothing machine-reads them after resolution (checked 9/3: dashboard 'done' panel looks back 7d; handbook ticker-join prefers LIVE rows; FALCON's script only cites a gate id in a comment).
# INTEGRITY: rows below are byte-identical to the removed lines; entry-crc32 over the 14 row lines joined by single newlines (UTF-8, no trailing newline) = 829548738 — recompute, never trust. Per-row crc32 at the end.
# COLUMNS = the live file's header line, copied verbatim:
gate_id	registered	owner	condition	consequence_on_fire	state	last_checked	source	consumed_by	scannable	definition_surface	review_by
GATE-TERRY-ARM1	2026-07-06	TERRY/BOND	BND-11 acute at the 7/9 30Y reopen: indirect<52% AND (BTC<2.15 [canonical, reconciled 7/9] OR tail>2bp) AND dealer>18-20%	TERRY arms TRY-FIRE-004 -> Will [Approve] + live broker book (rule #4)	RESOLVED 7/9 NOT-FIRED (indirect 77.74 / dealer 10.05 / BTC 2.44, TreasuryDirect PROME-verified; NO-ARM recorded on card)	2026-07-09	AGENTS/TERRY/setups/FLOW-TRIGGER_duration-TLT-put.md (TRY-FIRE-004 — card file only EXISTS as of 7/9: the 7/6 "pre-build" was a routed inbox packet, never a built card; 2nd record-vs-reality instance, cf GATE-VIO-110)	— (terminal)	INSTRUMENT	— (terminal; canonical record = source col + this row's dated cells)	— (terminal)
GATE-TERRY-ARM2	2026-07-06	TERRY/BOND	VX-BND-05 10Y-sustain leg: 5 CONSECUTIVE closes >=4.50, any <4.50 close resets to zero (semantics CO-RATIFIED by BOND 7/10 + 3 riders: published 2dp DGS10, >= inclusive; holidays/non-trading days neither count nor reset; official DGS10 governs retroactively over ^TNX provisionals — memo AGENTS/BOND/outbox/2026-07-10_to-PROME-TERRY_arm2-semantics-coratification.md)	TERRY arms TRY-FIRE-004 -> Will [Approve] + live broker book	RESOLVED 7/16 ARMED — DGS10 5-of-5 ≥4.50 completed 7/13, triple-verified; TRY-FIRE-004 arm packet delivered (TLT ladder); fill = Will + live book · hist→GATES_STATE_HISTORY	2026-07-16	AGENTS/TERRY/setups/FLOW-TRIGGER_duration-TLT-put.md	— (terminal)	INSTRUMENT	— (terminal; canonical record = source col + this row's dated cells)	— (terminal)
GATE-TERRY-ARM3	2026-07-06	TERRY/SAM	Soft May TIC (rel 7/16 ~16:00 ET): China AND Japan both net SELLERS on net TRANSACTIONS (valuation-adjusted, Apr->May) — condition RECONCILED 7/16 to the card's canonical ZONE 1 #3 wording (BOND catch: this row's old "holdings both down" text pre-dated the 7/9 F10 red-team patch; bare holdings-down false-positives on pure valuation moves). If country-level transactions granularity unavailable -> UNDETERMINED, do NOT arm on holdings alone. Grading template (both cuts, mechanical): AGENTS/BOND/setups/2026-07-16_ARM3-TIC-grading-template.md	TERRY arms TRY-FIRE-004 -> Will [Approve] + live broker book	RESOLVED 7/16 FIRED — May TIC: China −$0.129B / Japan −$2.838B net sellers; DEEPEN-ONLY, Will NO-ADD stands; weak fire (China flat) · hist→GATES_STATE_HISTORY	2026-07-16	AGENTS/TERRY/setups/FLOW-TRIGGER_duration-TLT-put.md	— (terminal)	INSTRUMENT	— (terminal; canonical record = source col + this row's dated cells)	— (terminal)
GATE-BRENT-SUSTAIN	2026-07-08	BRENT	Brent >$75 both sessions (SETTLEMENT basis — RATIFIED 7/9 PM addendum `2843c921` (red-team F1-F4/F7/F8/F11): graded print = ICE Sep-26 LCOU26 settle ~14:30 ET; sanctions leg DOWN-WEIGHTED (near-auto pass, cannot be a binding leg alone); countable-if-fresh = war-risk + P&I/JWC, transits low-prob-fresh) AND no settlement round-trip <$74 AND >=2/4 FRESH legs (no-fresh-print = non-countable); DENY = complement of CONFIRM (no undefined middle)	confirms -> BRENT deploy proposal -> Will [Approve]; denies -> revert energy tail to fragile-watch	RESOLVED 7/10 DENY — level passed (~$76) but only 1 of ≥2 fresh legs fired; energy tail → fragile-watch, no deploy · hist→GATES_STATE_HISTORY	2026-07-10	AGENTS/BRENT/outbox/2026-07-08_to-PROME_decoupling-crack-adjudication.md	— (terminal)	JUDGEMENT	— (terminal; canonical record = source col + this row's dated cells)	— (terminal)
GATE-RESHAPE-BC	2026-06-26	PROME/REGINALD/TERRY	HY OAS >280 sustained (intake-lane auto-watch) OR WAL Q2 print 7/21 AMC fires reshape-(c) (date CONFIRMED 7/9 — WAL 7/6 release, was ~7/16 est; same day as OZK 7/21 AMC)	bank-put reshape (b)/(c) proposal -> Will [Approve] + live broker book; $500/card max-loss || REFRESHED 2026-07-25 (PROME): HY leg PROXIMATE — HY OAS 277 [7/23 FRED, PROME-verified] is 3bp under the >280 sustained trigger, +9bp in one session. Gate remains LIVE-not-fired (280 needs a SUSTAINED breach, not a tag — cf the 6/26-7/1 tagged-not-sustained precedent 283/280/275/274). Marks-window context re-dated 7/25: the BDC recognition cluster is 8/4-8/6 POST-FOMC (was mis-carried as 7/25-28), so a breach and the first wrapper marks could land in the same week	RESOLVED-FIRED — HY sustain 3-of-3 ≥280 CONFIRMED 7/31 (281/284/287/284, RED Ruling 1); level-leg only, BANK-ABSENT, NOT X1; reshape → WQ row 9 · hist→GATES_STATE_HISTORY	2026-07-31	PROME/proposals/2026-06-26_bank-put-reshape-roll.md	— (terminal)	INSTRUMENT	— (terminal; canonical record = source col + this row's dated cells)	— (terminal)
GATE-VIO-110	2026-07-01	VIOLET	Gate A: CCC >=9.65% AND CCC-BB dispersion >=8.00 · Gate C: LIQUID breadth-not-idiosyncratic confirm — ANY ONE fires	same-session tail-hedge packet-build (VIX calls 30-60 DTE, 1% starter) -> Will [Approve]	LAPSED (Will 7/9) — both gates fired 7/2 into a frozen session, packet never built; not retro-built; folds into the MOVE-led read · hist→GATES_STATE_HISTORY	2026-07-09	AGENTS/VIOLET/outbox/2026-07-09_to-PROME_gate-AC-backfill-and-dropped-packet.md	— (terminal)	INSTRUMENT	— (terminal; canonical record = source col + this row's dated cells)	— (terminal)
GATE-VIO-116	2026-07-11	VIOLET	Rates-vol hedge re-look, ANY ONE fires: F1 MOVE >72.41 (retakes the 7/8 peak) · F2 hot CPI 7/14 + SPX enters the gamma flip-band · F3 10Y >4.60; stand-down: N1 MOVE <66 · N2 SKEW >148 (complacency unwinds without stress)	fresh rates-vol hedge look -> PROME -> TERRY (shape memo, rates-vol lane NOT VIX-calls per Will 7/9) -> Will [Approve]	RESOLVED 7/16 — F3 fired 7/13 (DGS10 4.62 + MOVE 77.77); no standalone rates-vol shape, folds into TRY-FIRE-004; 7/21 re-open = confirmation, no trade · hist→GATES_STATE_HISTORY	2026-07-21	AGENTS/VIOLET/research/2026-07-11_move-led-vol-hedge-fresh-look.md (KB-VIO-116)	— (terminal)	INSTRUMENT	— (terminal; canonical record = source col + this row's dated cells)	— (terminal)
GATE-SAM-30	2026-06-26	SAM/TERRY	CFTC COT JPY net (noncommercial): build >-153K (=85% of -180K peak) vs -150,132 Jun-16 baseline strengthens the carry-convexity tail = the FLAT book's registered entry-gate condition	entry-gate decision -> Will; if entered: TERRY constructs (FXY-class convexity, $500/card, rule #4 live broker book)	RESOLVED 8/7 DE-LOAD — JPY COT net −45,473 = 25.3% of peak, REVERSAL not liquidation; frame → LOW (thesis-break); TERRY 007 stood down, $0 at risk · hist→GATES_STATE_HISTORY	2026-08-07	AGENTS/SAM/thesis/THESIS.md + HEARTBEAT.md Near-Gates 6/26 COT row	— (terminal)	INSTRUMENT	— (terminal; canonical record = source col + this row's dated cells)	— (terminal)
GATE-BRK-C1	2026-07-17	BROCK	CCLFX Q3 repurchase-cap decision (N-23C3A ~8/7): RED = cap <5% OR suspension; ORANGE = 5% held (base case); GREEN = 7% (2% discretionary top-up re-armed)	RED fires -> BROCK recognition memo -> route NEXUS (the honest early-recognition datum, replacing the refused clearing-price basis) + PROME same session; GREEN = accommodation restored -> note NEXUS (absorption-side datum)	RESOLVED 8/7 🟠 ORANGE — 5% cap HELD (N-23C3A at primary; filed 7/28, ten days before two agreeing surfaces said); 🟢 branch ungradeable · hist→GATES_STATE_HISTORY	2026-08-07	AGENTS/BROCK/domain/sources/CCLFX_WATCH_JUL17.md + AGENTS/BROCK/outbox/2026-07-17_to-PROME_cclfx-premise-correction-and-marks-window-prep.md	— (terminal)	JUDGEMENT	— (terminal; canonical record = source col + this row's dated cells)	— (terminal)
GATE-TERRY-006	2026-07-17	FALCON/TERRY	Kharg-strand FLOW gate (MERGED 7/18 — FALCON+TERRY ONE condition): FIRE = de-facto Kharg crude-export STRAND, evidenced by >=1 LIVE-DATED corroborator, NOT refuted by the visible-loadings VETO, sustained >=2 observed days. Corroborators (>=1): (a) official Iranian export-suspension/seizure/blockade declaration naming Kharg (IRNA/SHANA/CENTCOM); (b) dark-fleet tracker (Kpler/Vortexa/TankerTrackers) showing Iran/Kharg exports collapsing to ~0; (c) Kharg-specific war-risk/P&I withdrawal (NOT the standing generic Gulf JWLA-033); (d) FALCON Kharg-seizure tripwire read (folded in — the near-duplicate is now this clause). VETO (refutes fire): PortWatch port2164 export_tanker/portcalls (scripts/kharg_loadings_watch.py, rc-inverted) or Kpler/Vortexa showing ANY ongoing loadings or STS/shuttle replacement -> flow continuing -> DO NOT FIRE regardless of headline. Anti-false-fire: >=2 observed days (no single-day gaps); seize-but-flow-continues -> flow state governs; live-dated primaries only (reject April-vintage recirculation + terminal near-misses); bypass-still-running -> hold. EXPLICITLY NOT: Hormuz transit count (86.6% crisis-day base rate), NOT a PortWatch zero (AIS ~90%+ dark-fleet-blind — prints 0 for whole NORMAL Kharg months; spec AGENTS/FALCON/domain/KHARG_LOADINGS_SOURCE.md), NOT a headline alone	⛔ CONSEQUENCE VOID 2026-08-18 — TRY-FIRE-006 RETIRED by Will ("ok retire", ruled in TERRY's window 8/18 EVE, commit 42f340bc1; card archived to AGENTS/TERRY/setups/_archive/). A fire has NO consuming card — do NOT read a firing as "act on the card"; that would revive a spec Will retired. Prior consequence preserved: TERRY live re-mark + spread selection on TRY-FIRE-006 -> Will [Approve] + live broker book (rule #4) -> deploy. Never auto. $200 tranche, SEPARATE from 004 $500	RETIRED 8/20 — grounds INSTRUMENT not premise: Kharg halt 7/18→8/12 OCCURRED, gate could not see it (no Kpler fetcher; PortWatch veto failed a known positive) · hist→GATES_STATE_HISTORY	2026-08-18	AGENTS/TERRY/setups/_archive/FLOW-TRIGGER_kharg-strand-USO-call.md (card RETIRED 8/18) + AGENTS/TERRY/research/PLAYBOOK_flow-trigger-supply-strand.md + PROME/inbox/processed/2026-08-18_from-TERRY_GATE-TERRY-006-is-now-a-LIVE-GATE-WITH-NO-CARD-try-fire-006-retired-by-Will.md	EVENT: Kharg strand corroborator (spec) — not machine-checkable; ~30d-unfired re-underwrite | TERRY/FALCON	JUDGEMENT	— (terminal; canonical record = source col + this row's dated cells)	— (terminal)
GATE-BRENT-DEPLOY-V2	2026-07-30 (Will-ratified Option A in BRENT's window, 9523b941; REGISTERED IN THIS LEDGER 2026-08-03 by the PROME sweep — it had been carried only on BRENT's TRADE.md + a DOCKET expiry row, never here, despite being an action-gate whose fire requires a deploy packet, i.e. exactly this file's stated scope)	BRENT	★ v3 RATIFIED 2026-08-04 ~14:02 (Will, in BRENT's window, `268f3c223`; ratification = the SPEC, NOT a fill authorization) — v2 was UNFILLABLE BY CONSTRUCTION: OVX's final bar is 16:00 (VIX runs to 16:10; OVX does not) and USO options close 16:00, so leg (a) became knowable exactly when leg (b) became ungradeable; execution window ZERO (BRENT 5m-bar verified, not relayed). v3 = leg (a) tests the MOST RECENT OFFICIAL CLOSE <= -15% from the post-arm running peak (a STATE, known 09:30) · NEW leg (a2) = OVX prints <= the same line AT THE TICKET · leg (b) unchanged. TWO independent readings below the line vs v2's one (stricter on evidence, looser only in that a fill becomes possible); clearance EXPIRES after one session; disclosed cost: 31.2% of fire sessions close back above the line (BRENT base rate, 113 de-overlapped episodes; his 68.1% fire-rate vs the 8/2 audit's 81.9% is UNRECONCILED — construction differs, neither canonical). Spec = AGENTS/BRENT/TRADE.md §DEPLOY GATE v3 + AGENTS/BRENT/setups/2026-08-04_DEPLOY-GATE-v3-fillability-respec-PROPOSAL.md. Prior v2 text preserved: DEPLOY GATE v2 — SEQUENCED, not simultaneous. Arm on the event, then deploy within 20 TRADING DAYS on the first session meeting BOTH: (a) OVX <= -15% from its post-arm RUNNING peak, CLOSE BASIS (peak AND line both on closes — Will-ruled FROZEN 2026-07-31; intraday readings are NOT the gate) AND (b) net debit <= 33% of spread width on a LIVE chain. Post-arm running peak = 68.97 [7/23] => line <= 58.62. Peak RE-RATCHETS on fresh escalation. Frame-breaker carve-out: deploy on (b) alone. Arm EXPIRES un-deployed 2026-08-13. The retired {OVX<44.2 AND OVX/VIX<2.89} cooldown gate is NOT this gate and must not be cited as live.	BRENT builds the deploy packet -> Will [Approve] + live broker book (rule #4). MANDATORY DISCLOSURE, direction-neutral, adds information never permission: if leg (a) fires while a de-escalation claim is live, the packet must state IN FIGURES BEFORE THE FILL (i) Stage-A leg-(i) instrument-or-guidance, (ii) Hormuz transit count vs the 88/day baseline, (iii) whether the OVX decompression came from a RESOLVING crisis or an ordinary dip. NOTE BRENT's own registered concern: there is NO abort leg — the re-ratchet handles a WORSENING crisis, nothing handles a RESOLVING one, so the gate can open precisely into the tape that kills the thesis.	RETIRED (Will 8/7 eve) — arm cleared daily under a STANDING decline (8/4: happy with current USO calls); no re-arm registered, R1 OVX >68.97 = named candidate only · hist→GATES_STATE_HISTORY	2026-08-07	AGENTS/BRENT/TRADE.md + AGENTS/BRENT/inbox/MSG-PROME-20260803-002__ACTION__leg-a-tracking-through-the-line-intraday-disclosure-clause-binds.md	— (terminal)	INSTRUMENT	— (terminal; canonical record = source col + this row's dated cells)	— (terminal)
GATE-CREED-T02	2026-08-20	CREED/REGINALD/LIQUID	CREED-T-02 S2 maturity-default wave: matured-balloon share of new CMBS delinquency >50% sustain-2 (band Will-frozen 7/21, unmoved). FIRED at the June print (May 70 / Jun 65 sustain-met; Jul 66 confirm; Apr 42 pre-band) — effective 2026-06, detected 8/20, ~6wk lag logged not smoothed. NARROW READ per owner: CMBS-recognition event NOT a bank event; S1+S2 share the maturity-wall root = ONE root escalated; S3 unmoved at 2.	Fire action = ROUTE to REGINALD + LIQUID — EXECUTED by owner same session (packets filed in both inboxes). Residual = consumer consumption; both consumers DARK at fire. NO capital action.	RESOLVED — FIRED-AND-ROUTED 8/20 (post-hoc registration; Tier-2 owner closed at delivery — row exists so dark-consumer consumption cannot orphan) · hist→GATES_STATE_HISTORY		AGENTS/CREED/outbox/2026-08-20_to-PROME_CREED-T-02-FIRED-first-trigger-fire-plus-K5-falsified-and-W1-resolved.md + bdc7fac0f	consumed_by REGINALD + LIQUID at next boot (LIQUID chase already live w/ 8/26 escalation checkpoint; REGINALD spawn pending Will second-wave call)	INSTRUMENT	— (terminal; canonical record = source col + this row's dated cells)	— (terminal)
GATE-VIO-RV1	2026-08-21	VIOLET/TERRY	Rising-vol cheap-tail window (design v1): ARM = A1 VVIX≤90 ∧ A2 VIX≤16 ∧ A3 ^SKEW≥140 (daily close, NOT 20d-avg) ∧ A4 nearest HIGH/MED catalyst ≤21d [her CATALYSTS.tsv], ALL FOUR on 2 CONSECUTIVE SETTLE closes (A5 — ticks never count). STAND-DOWN 1-of-3: VVIX≥105 · VIX≥22 · 45cd armed-unharvested. ⛔ FIRE ≠ DEPLOY: F2 episode-split + beta reconciliation BLOCK deployment regardless; F3 spread >~1/3 max width at fire = stand down. NOT ARMED at registration (3-of-4; VIX fails by 0.01, held to the letter). Edge basis 1.57×, p=0.019. FULL LETTER → definition_surface (registry letter archived 8/22)	VIOLET flags the fire -> TERRY constructs at fire-time on LIVE marks (OTM VIX call spread, 30-60 DTE, defined-risk debit, lower strike ABOVE spot; 50%-harvest-at-2x-debit MANDATORY on any fill) -> Will [Approve]. NEVER self-executed. ⛔ FIRE != DEPLOY: her pre-deployment owed items (F2 pre/post-2018 episode split · beta reconciliation, design §7) BLOCK deployment regardless of the trigger — fire before they clear = do the owed work or stand down, never deploy past them. F3: OTM spread >~1/3 of max width at fire-time = dislocation already priced -> stand down, do not pay up.	RETIRED 8/27 by its own registered kill — F2-KILLED: post-2018 separation lost (n=22, p=0.134); deployment permanently retired, no TERRY consequence · hist→GATES_STATE_HISTORY	2026-08-27 (field split REPAIRED 8/28 — last_checked and source had merged, DAEDALUS GATES audit)	AGENTS/VIOLET/outbox/2026-08-20_to-PROME_rising-vol-registration-DESIGN-v1-trigger-gated.md (ba15c6eb3) + PROME/proposals/2026-08-21_row64-and-risingvol-watch-RULED.md	TERMINAL: fire 8/27 consumed at PROME boot; F2-KILL verdict consumed same evening (VIOLET packet + live doorbell, PROME-verified at artifacts) — no consumer remains; TERRY/RED cc'd by owner; row is history, cite it as the FIRE≠DEPLOY worked example	JUDGEMENT	AGENTS/VIOLET/outbox/2026-08-20_to-PROME_rising-vol-registration-DESIGN-v1-trigger-gated.md (owner artifact WINS on divergence; this row reconciles)	none — row TERMINAL (RETIRED 8/27 by registered kill; one residual check at next PROME touch: confirm VIOLET's closeout commit landed the packet + KB-VIO-211/212/213 artifacts this row cites — owner artifact wins on any divergence)
GATE-CREED-T06B	2026-08-27 (registered AT the fire per queue row 101's own sequencing — the band lived at CREED's registry since 7/27; this ledger row exists because the fire's consequence crosses desks)	CREED/LIQUID (+BROCK info)	CREED-T-06b: OPEN-END-CRE-FUND-GATES >= 1 major fund gates (S6 co-trigger). Registry letter canonical at AGENTS/CREED/registry/THRESHOLDS.tsv T-06b row; count instrument = VX-CREED-5.03 (built 8/27, made T-06b genuinely gradeable — comparable state 3->4). Adjudication basis = VX-5.01's 7/27 'fund gates' band language, which PRE-DATES CREED's same-session definition (authorship conflict dissolves; CREED definition governs only marginal cases forward, queue row 100 = the ODCE/$1B forward definition, separately pending)	S6 co-trigger / NAV-cascade recognition -> CREED action (fire-ledger entry + the greenlit sibling audit) / LIQUID action (T-06b action recipient per the registry row) / BROCK info. NO capital path; no threshold moved by PROME; any trade consequence would be a separate Will-gated lane	RESOLVED(FIRED 8/27 on Will's word 'SREIT fire') — SREIT suspended repurchases eff. 4/29 (8-K 0001193125-26-192168); routed CREED/LIQUID/BROCK; CREED ledger confirmed 8/28 · hist→GATES_STATE_HISTORY	2026-08-28 (CREED orch ledger-confirm delivered 02c0bcad4)	PROME/proposals/2026-08-27_sreit-t06b-three-decisions-RULED.md (Decision-1 sequencing + the fire appendix) + SREIT 8-K acc. 0001193125-26-192168 + AGENTS/CREED/registry/BAND_REVISIT_2026-08-27.md	TERMINAL at PROME: fire adjudicated + routed same hour. Desk-side residuals ride the packets: CREED records the fire on ITS ledger at next boot (+ VX-5.01 cell correction if not already struck) - LIQUID consumes the action routing - BROCK the info cc	JUDGEMENT	AGENTS/CREED/registry/THRESHOLDS.tsv (T-06b row; owner registry WINS on divergence, this row is the coordination-layer record)	CONFIRMED 2026-08-28 — CREED confirmed the 8/27 ledger entry (three dates + NO CAPITAL PATH stated; no second row — the two-ledgers defect refused), delivery 02c0bcad4; the 8/29 review is DISCHARGED early. Prior: 2026-08-29 PROVISIONAL-PROME-SET 8/27 (confirm CREED's ledger entry landed at its next boot - CREED is Tier-2 and cannot self-boot, so this rides the spawn slate)
# per-row crc32: GATE-TERRY-ARM1=3872701215 · GATE-TERRY-ARM2=1396746480 · GATE-TERRY-ARM3=2528897718 · GATE-BRENT-SUSTAIN=3647699851 · GATE-RESHAPE-BC=84619973 · GATE-VIO-110=2097910292 · GATE-VIO-116=779480272 · GATE-SAM-30=3256718273 · GATE-BRK-C1=1765765237 · GATE-TERRY-006=880929809 · GATE-BRENT-DEPLOY-V2=1964674300 · GATE-CREED-T02=3245963251 · GATE-VIO-RV1=4000068006 · GATE-CREED-T06B=4067544161
