date,spot,sigma,pair_model_value,difference_vs_384_reference
2026-09-16,63.0,0.2,48.770103161588295,-335.2298968384117
2026-09-16,63.0,0.24989620628721693,84.39517575565732,-299.6048242443427
2026-09-16,63.0,0.35,166.79671714693012,-217.20328285306988
2026-09-16,64.0,0.2,98.60049094798352,-285.39950905201647
2026-09-16,64.0,0.24989620628721693,143.74075095061718,-240.25924904938282
2026-09-16,64.0,0.35,238.17130250449364,-145.82869749550636
2026-09-16,65.0,0.2,178.58527280658706,-205.41472719341294
2026-09-16,65.0,0.24989620628721693,228.0481274071772,-155.95187259282278
2026-09-16,65.0,0.35,327.8198336642658,-56.18016633573419
2026-09-16,65.81,0.2,269.1173803961164,-114.8826196038836
2026-09-16,65.81,0.24989620628721693,316.429041176328,-67.57095882367202
2026-09-16,65.81,0.35,414.47629612229866,30.476296122298674
2026-09-16,66.0,0.2,293.80225448805305,-90.19774551194692
2026-09-16,66.0,0.24989620628721693,339.76779843504306,-44.23220156495691
2026-09-16,66.0,0.35,436.69398036990293,52.69398036990296
2026-09-16,66.5,0.2,364.7365993201459,-19.26340067985408
2026-09-16,66.5,0.24989620628721693,405.96225591444613,21.96225591444616
2026-09-16,66.5,0.35,497.94148015415834,113.94148015415837
2026-09-16,67.0,0.2,443.3808850057717,59.380885005771674
2026-09-16,67.0,0.24989620628721693,478.6316236932414,94.63162369324145
2026-09-16,67.0,0.35,564.1304803693062,180.13048036930616
2026-09-16,68.0,0.2,619.0500171205077,235.0500171205077
2026-09-16,68.0,0.24989620628721693,641.0899170563379,257.0899170563378
2026-09-16,68.0,0.35,709.0980635740203,325.0980635740204
2026-09-16,70.0,0.2,1007.3786018087999,623.3786018087999
2026-09-16,70.0,0.24989620628721693,1011.8250363295493,627.8250363295493
2026-09-16,70.0,0.35,1043.2991279642306,659.2991279642306
2026-09-23,63.0,0.2,24.203825449584375,-359.79617455041557
2026-09-23,63.0,0.24989620628721693,45.90020540954269,-338.0997945904573
2026-09-23,63.0,0.35,99.57145633366706,-284.4285436663329
2026-09-23,64.0,0.2,67.00859904804437,-316.9914009519556
2026-09-23,64.0,0.24989620628721693,98.79642331691815,-285.20357668308185
2026-09-23,64.0,0.35,165.50309505996864,-218.49690494003138
2026-09-23,65.0,0.2,148.29913885893617,-235.7008611410638
2026-09-23,65.0,0.24989620628721693,184.0932974251932,-199.9067025748068
2026-09-23,65.0,0.35,255.90658732076545,-128.09341267923452
2026-09-23,65.81,0.2,246.14665786674368,-137.85334213325632
2026-09-23,65.81,0.24989620628721693,279.10796902849506,-104.89203097150495
2026-09-23,65.81,0.35,347.7287639045578,-36.271236095442205
2026-09-23,66.0,0.2,272.9104525351594,-111.0895474648406
2026-09-23,66.0,0.24989620628721693,304.5366782853094,-79.4633217146906
2026-09-23,66.0,0.35,371.5700939186149,-12.4299060813851
2026-09-23,66.5,0.2,349.4574854925996,-34.5425145074004
2026-09-23,66.5,0.24989620628721693,376.5989317001923,-7.4010682998077115
2026-09-23,66.5,0.35,438.31399780235387,54.31399780235387
2026-09-23,67.0,0.2,433.540808411776,49.54080841177601
2026-09-23,67.0,0.24989620628721693,455.5935999481283,71.59359994812834
2026-09-23,67.0,0.35,510.4679961597044,126.46799615970438
2026-09-23,68.0,0.2,616.9231697314252,232.92316973142528
2026-09-23,68.0,0.24989620628721693,629.2642240233538,245.2642240233538
2026-09-23,68.0,0.35,668.9164738913117,284.91647389131174
2026-09-23,70.0,0.2,1009.8360607510756,625.8360607510756
2026-09-23,70.0,0.24989620628721693,1011.9733513099909,627.9733513099909
2026-09-23,70.0,0.35,1026.7544940718478,642.7544940718478
2026-09-30,63.0,0.24989620628721693,0.0,-384.0
2026-09-30,64.0,0.24989620628721693,0.0,-384.0
2026-09-30,65.0,0.24989620628721693,0.0,-384.0
2026-09-30,65.81,0.24989620628721693,162.00000000000045,-221.99999999999955
2026-09-30,66.0,0.24989620628721693,200.0,-184.0
2026-09-30,66.5,0.24989620628721693,300.0,-83.99999999999999
2026-09-30,67.0,0.24989620628721693,400.0,16.000000000000014
2026-09-30,68.0,0.24989620628721693,600.0,216.0
2026-09-30,70.0,0.24989620628721693,1000.0,616.0
