account	ticker	instrument	expiry	owner	review	approval	order	fill	action	complete_when	gate_ids	source	source_sha256	checked
Fidelity	QQQ	$715P	2026-09-10	Will; PROME records disposition	2026-09-10 SOLD by Will ×1 @ $6.55 (net $654.32) — disposition RECORDED; contract closed	NOT_RECORDED	UNKNOWN	FILLED	Review the current contract and decide disposition before expiry. No sale approved by this dashboard.	COMPLETE 2026-09-10: broker disposition and quantity (0) recorded at FORGE/STATUS.md.		PROME/reports/2026-09-09_morning-priorities.md	1d269b9b49fed96903a6396fd99632cb4f90791c64ce1128200ac62b678e2e38	2026-09-28
Fidelity	XLE	$65C	2026-09-30	Will executes; PROME records	2026-09-11 SOLD TO CLOSE by Will ×1 @ $1.51 (net $150.34 vs basis $227.67, −$77.33 realized; TERRY receipt bcc962bbd) — WQ-210 DISCHARGED, DOCKET L253 closed; contract closed. D-49 open only for the FIRST contract's date/price	APPROVED	UNKNOWN	FILLED	Contract closed; no further action. ANVIL records the first contract's date/price when the activity scroll shows it (D-49).	Actual fill receipt or explicit non-fill/order disposition recorded.		PROME/reports/2026-09-09_morning-priorities.md	1d269b9b49fed96903a6396fd99632cb4f90791c64ce1128200ac62b678e2e38	2026-09-28
Fidelity	TLT	$85P	2026-09-30	Will executes; TERRY management	2026-09-10 SOLD by Will ×1 @ $3.93 (net $392.34); WQ-201 CLOSED — contract closed · re-verified 2026-09-18 at the source after TERRY's 9/18 edit (165899497: every TERRY surface → CLOSED; same fill, net and count) — evidence re-hashed, states unchanged	APPROVED	UNKNOWN	FILLED	Check Activity & Orders and actual contract count before placing/replacing the existing $2.60 sell-to-close limit.	COMPLETE 2026-09-10: count 0, fill reconciled at FORGE/STATUS.md (Fidelity activity 9/10).		AGENTS/TERRY/setups/TLT85P_approved-exit-tracking_2026-09-08.md	21a6c1266cb728bf98c42e8db47f933898f9817e679a39cf5ca9349281e084e2	2026-09-18
Fidelity	USO	Stock		TERRY construction; BRENT thesis; PROME follow-through	2026-09-10: WQ-200 management card DECLINED by Will (no line live; Will manages by hand); CLOSE $158.38	NOT_RECORDED	UNKNOWN	NOT_APPLICABLE		Share exit/profit-protection proposal delivered, then levels ruled by Will; retired call rules do not cover shares.		PROME/reports/2026-09-09_morning-priorities.md	1d269b9b49fed96903a6396fd99632cb4f90791c64ce1128200ac62b678e2e38	2026-09-28
Fidelity	TLT	$82P	2026-10-16	TERRY (card) / Will (rules WQ-302); PROME records	2026-10-14 — WQ-302 (ITM; card MGMT-TLT82P-OCT16, TERRY 40e12ee0a, built on ×2); ×1 since 9/28: Will SOLD 1 @ $3.60 (net $359.34, filled 09:47:23 ET) BEFORE his management choice on the card; Will rules A/B/C for the remaining ×1 by Wed 10/14 close; TERRY re-reads the card at ×1	NOT_RECORDED	UNKNOWN	NOT_APPLICABLE		Will rules WQ-302 on the remaining ×1; TERRY's card re-read at ×1 delivered. The 9/28 sale is a recorded completed transaction, not a management choice. No trade instruction from this dashboard.		FORGE/STATUS.md	12922d68c8fde2389e983ec75cf8512c24f1ce7a9eaa12a89e65380d5fb5cf47	2026-10-01
Fidelity	TBT	Stock		TERRY/BOND; PROME position review	Next rates-position review; date not registered	NOT_RECORDED	UNKNOWN	NOT_APPLICABLE		Hold/exit assessment and explicit management proposal delivered; no inherited TLT77P rule.		PROME/reports/2026-09-09_morning-priorities.md	1d269b9b49fed96903a6396fd99632cb4f90791c64ce1128200ac62b678e2e38	2026-09-28
Fidelity	TLT	$77P	2026-09-30	TERRY/BOND	2026-09-30 SOLD TO CLOSE by Will ×15 (10 @ $0.01 net $9.37 + 5 @ $0.02 net $9.43 = $18.80; realized −$154.64 vs basis $173.44; Activity rows 9 + 12) — NOT held to expiry; contract closed. The HOLD rail (WQ-168 ④ / WQ-217) is retired by Will's 9/30 standing practice (sell or roll before expiry) — no deviation recorded	NOT_RECORDED	UNKNOWN	FILLED	None — contract closed 9/30 (sold to close; fill time not shown, D-66). The successor line has its own row.	COMPLETE 2026-09-30: broker disposition (sold to close) and quantity (0) recorded at FORGE/STATUS.md (ANVIL 33bc8c293).	GATE-TERRY-007	FORGE/STATUS.md	12922d68c8fde2389e983ec75cf8512c24f1ce7a9eaa12a89e65380d5fb5cf47	2026-10-01
Fidelity	KRE	$60P	2026-09-30	Will; TERRY records	2026-09-30 SOLD TO CLOSE by Will ×2 @ $0.01 (net $1.87; realized −$451.48; Activity row 1) and ROLLED into KRE Dec-31 65P ×2 @ $1.68 (row 2) — NOT lapsed; contract closed	NOT_RECORDED	UNKNOWN	FILLED	None — contract closed 9/30 (sold to close; fill time not shown, D-66). The successor line has its own row.	COMPLETE 2026-09-30: broker disposition (sold to close) and quantity (0) recorded at FORGE/STATUS.md (ANVIL 33bc8c293).		FORGE/STATUS.md	12922d68c8fde2389e983ec75cf8512c24f1ce7a9eaa12a89e65380d5fb5cf47	2026-10-01
Fidelity	WAL	$70P	2026-09-18	REGINALD/TERRY	2026-09-18 expiry — PASSED	APPROVED	UNKNOWN	NOT_APPLICABLE		COMPLETE 2026-09-27: EXPIRED as of 2026-09-18, broker-confirmed (Fidelity Activity rows 4–5, posted 9/21); −$768.67 realized, recorded at FORGE/STATUS.md.		FORGE/STATUS.md	12922d68c8fde2389e983ec75cf8512c24f1ce7a9eaa12a89e65380d5fb5cf47	2026-10-01
Fidelity	WAL	$67.5P	2026-09-18	Will; TERRY records	2026-09-18 expiry — PASSED	APPROVED	UNKNOWN	NOT_APPLICABLE		COMPLETE 2026-09-27: EXPIRED as of 2026-09-18, broker-confirmed (Fidelity Activity rows 4–5, posted 9/21); −$750.67 realized, recorded at FORGE/STATUS.md.		FORGE/STATUS.md	12922d68c8fde2389e983ec75cf8512c24f1ce7a9eaa12a89e65380d5fb5cf47	2026-10-01
Fidelity	HBAN	$16P	2026-10-16	Will; TERRY records	2026-10-14 — WQ-302 (ITM; card MGMT-HBAN16P-OCT16), Will re-rules by Wed 10/14 close	APPROVED	UNKNOWN	NOT_APPLICABLE		Will rules WQ-302; the 7/18 ride-to-expiry premise failed (ITM, TERRY 9/26). No trade instruction from this dashboard.		FORGE/STATUS.md	12922d68c8fde2389e983ec75cf8512c24f1ce7a9eaa12a89e65380d5fb5cf47	2026-10-01
Robinhood	WAL	$70P	2026-12-18	REGINALD grades; TERRY construction; Will executes	Next official WAL close; 2026-12-04 time stop	APPROVED	UNKNOWN	NOT_APPLICABLE		Manual harvest and December 4 stop as recorded. Resting $4.40 GTC sell order CANCELLED / not there per Will 9/28 (his answer to WAL; FORGE D-47) — no resting exit; any harvest is Will's manual act. The cancellation history is not asked (WQ-167). Holding confirmed on the 9/27 Robinhood card (−$17.00 / −7.73%).	GATE-TERRY-ROLL70-EXIT	FORGE/STATUS.md	12922d68c8fde2389e983ec75cf8512c24f1ce7a9eaa12a89e65380d5fb5cf47	2026-10-01
Robinhood	USO	$150/$165 call spread	2026-09-18	BRENT/TERRY; Will holds	2026-09-10 CLOSED by Will ~15:1x for $630.00 vs $300.00 (+$330); WQ-207 rule moot	APPROVED	UNKNOWN	FILLED		COMPLETE 2026-09-10: closed at Robinhood, receipt PROME/data/2026-09-10_robinhood-capture-1610-TRANSCRIPTION.md.		PROME/data/2026-09-10_robinhood-capture-1610-TRANSCRIPTION.md	f5932cd5cd6eb9bb568eaf97a6c5961bb0aea4275e36296db9dee374bed2e011	2026-09-27
Fidelity	QQQ	$730P	2026-09-30	Will (his hand); TERRY card = recommendation only	2026-09-30 SOLD TO CLOSE by Will ×9 @ $0.01 (net $8.43; realized −$2,229.54; Activity row 10) and ROLLED into QQQ Oct-01 740P ×9 @ $1.92 (row 11) — WQ-316 CLOSED (rolled); contract closed	NOT_RECORDED	UNKNOWN	FILLED	None — contract closed 9/30 (sold to close; fill time not shown, D-66). The successor line has its own row.	COMPLETE 2026-09-30: broker disposition (sold to close) and quantity (0) recorded at FORGE/STATUS.md (ANVIL 33bc8c293).		FORGE/STATUS.md	12922d68c8fde2389e983ec75cf8512c24f1ce7a9eaa12a89e65380d5fb5cf47	2026-10-01
Fidelity	USO	$159C	2026-09-30	Will (his hand); TERRY card = recommendation only	2026-09-30 SOLD TO CLOSE by Will ×2 @ $0.01 (net $1.87; realized −$919.46; Activity row 5) and ROLLED into USO Oct-09 150C ×2 @ $2.99 (row 6); contract closed	NOT_RECORDED	UNKNOWN	FILLED	None — contract closed 9/30 (sold to close; fill time not shown, D-66). The successor line has its own row.	COMPLETE 2026-09-30: broker disposition (sold to close) and quantity (0) recorded at FORGE/STATUS.md (ANVIL 33bc8c293).		FORGE/STATUS.md	12922d68c8fde2389e983ec75cf8512c24f1ce7a9eaa12a89e65380d5fb5cf47	2026-10-01
Fidelity	VLO	Stock		TERRY construction; Will executes	2026-11-18 — WQ-386 next basis review; November through 10/14, December 10/15–11/19. Scale gate TERMINAL; 2 additional shares stood down.	APPROVED	UNKNOWN	FILLED		WQ-386 APPROVED 10/7; held-share management amendment registered, TERRY owner card integration pending. Holding x1 confirmed directly by Will 10/7; no sale or new order. Approved letter governs; no automatic monitoring.	GATE-TERRY-VLO-SCALE,GATE-TERRY-VLO-HELD-01	PROME/proposals/2026-10-07_VLO-december-management-RULED.md	3314bfb0c80f549c7df39c3152f53066ce48e1ef5a1a9d6b77ae5e6033de5355	2026-10-07
Fidelity	QQQ	$740P	2026-10-01	Will (his hand); TERRY card MGMT-QQQ740P-OCT01 = recommendation only	"Former Oct1 740P last x4 ROLLED on Will word: October1 17:04 ET Deck tap, ""this has been complete already - I rolled them."" Exact sale/entry fills and proceeds remain UNBOOKED, D71; this was not approval to roll later contracts."	NOT_RECORDED	UNKNOWN	FILLED	Obtain October1 Activity to book the exact exit/entry fills; no order on this closed identity.	The exit of the last four recorded from a broker row (Activity / Pending view).		PROME/archive/WQ347_2026-10-07_pre-capture-row.md	4b5a4d060548db20e9fc558f2b4d960edce2e4753d7fffda503ab29d7cb09631	2026-10-07
Fidelity	QQQ	$740P	2026-10-02	Will (his hand); TERRY card MGMT-QQQ740P-OCT02 = recommendation only	2026-10-02 expiry passed; absent from Fidelity holdings capture received Oct7 (Will confirmed Oct7; exact time UNKNOWN). Disposition and proceeds UNBOOKED; no Activity supplied.	NOT_RECORDED	UNKNOWN	UNKNOWN	Obtain Fidelity Activity 9/29–10/07 to book disposition; no new order on this expired identity.	Exact exit or expiry and proceeds recorded from broker Activity or Will receipt.		PROME/data/2026-10-07_broker-capture-TRANSCRIPTION.md	b9997eeea6f9a73bbe3406f22463b7122ab1ce92173eb6e407aca7256a0050f7	2026-10-07
Fidelity	QQQ	$735P	2026-10-05	Will (his hand); TERRY card MGMT-QQQ735P-OCT05 = recommendation only	2026-10-05 expiry passed; absent from Fidelity holdings capture received Oct7 (Will confirmed Oct7; exact time UNKNOWN). Disposition and proceeds UNBOOKED; no Activity supplied.	NOT_RECORDED	UNKNOWN	FILLED	Obtain Fidelity Activity 9/29–10/07 to book disposition; no new order on this expired identity.	Exact exit or expiry and proceeds recorded from broker Activity or Will receipt.		PROME/data/2026-10-07_broker-capture-TRANSCRIPTION.md	b9997eeea6f9a73bbe3406f22463b7122ab1ce92173eb6e407aca7256a0050f7	2026-10-07
Fidelity	USO	$150C	2026-10-09	Will (his hand); TERRY card MGMT-USO150C-OCT09 = recommendation only	2026-10-09 15:00 ET existing hard stop; WQ-366 early-sell declined Oct3. Capture received Oct7 (Will confirmed Oct7; exact time UNKNOWN) still shows x1, basis $299.66, last $0.26/value $26; a mark not an executable bid. Prior exercise/headroom numbers are obsolete.	NOT_RECORDED	UNKNOWN	FILLED	Existing Friday October9 15:00 ET stop remains for Will to act unless he rules otherwise; no order shown or placed.	Will decides disposition before expiry; TERRY card delivered.		PROME/data/2026-10-07_broker-capture-TRANSCRIPTION.md	b9997eeea6f9a73bbe3406f22463b7122ab1ce92173eb6e407aca7256a0050f7	2026-10-07
Fidelity	KRE	$65P	2026-12-31	Will (his hand); TERRY records	2026-12-31 expiry — NEW 9/30: ×2 bought @ $1.68 (−$337.33, Activity row 2, the roll of the Sep-30 60P); $0.01 / $2.00 [9/30 post-close — D-67: a post-close mark artifact, not a valuation]; Will's own KRE add (TERRY's 9/30 conditional card read NOT constructible); 92 DTE	NOT_RECORDED	UNKNOWN	FILLED	Management mapping UNRECORDED — TERRY card at its wake; Will sells or rolls before expiry (standing practice). No order from this dashboard.	TERRY card delivered; disposition recorded before expiry.		FORGE/STATUS.md	12922d68c8fde2389e983ec75cf8512c24f1ce7a9eaa12a89e65380d5fb5cf47	2026-10-01
Fidelity	QQQ	$755P	2026-10-09	Will; TERRY management unrecorded; PROME records	2026-10-09 expiry; standing sell-or-roll-before-expiry practice; exact card/time UNRECORDED	NOT_RECORDED	UNKNOWN	UNKNOWN	Review disposition before expiry under Will standing practice; no new buy/roll approval or order from this record.	Exact contract management recorded; eventual disposition supported by broker/Will evidence. Holding observed x2 with basis $477.33 on capture received Oct7; capture date Oct7 confirmed by Will, exact time and entry fill UNKNOWN.		PROME/data/2026-10-07_broker-capture-TRANSCRIPTION.md	b9997eeea6f9a73bbe3406f22463b7122ab1ce92173eb6e407aca7256a0050f7	2026-10-07
Fidelity	QQQ	$745P	2026-10-15	Will; TERRY management unrecorded; PROME records	2026-10-15 expiry; standing sell-or-roll-before-expiry practice; exact card/time UNRECORDED	NOT_RECORDED	UNKNOWN	UNKNOWN	Review disposition before expiry under Will standing practice; no new buy/roll approval or order from this record.	Exact contract management recorded; eventual disposition supported by broker/Will evidence. Holding observed x2 with basis $567.33 on capture received Oct7; capture date Oct7 confirmed by Will, exact time and entry fill UNKNOWN.		PROME/data/2026-10-07_broker-capture-TRANSCRIPTION.md	b9997eeea6f9a73bbe3406f22463b7122ab1ce92173eb6e407aca7256a0050f7	2026-10-07
Fidelity	QQQ	$740P	2026-10-15	Will; TERRY management unrecorded; PROME records	2026-10-15 expiry; standing sell-or-roll-before-expiry practice; exact card/time UNRECORDED	NOT_RECORDED	UNKNOWN	UNKNOWN	Review disposition before expiry under Will standing practice; no new buy/roll approval or order from this record.	Exact contract management recorded; eventual disposition supported by broker/Will evidence. Holding observed x4 with basis $2122.65 on capture received Oct7; capture date Oct7 confirmed by Will, exact time and entry fill UNKNOWN.		PROME/data/2026-10-07_broker-capture-TRANSCRIPTION.md	b9997eeea6f9a73bbe3406f22463b7122ab1ce92173eb6e407aca7256a0050f7	2026-10-07
Fidelity	WAL	$65P	2026-12-18	Will; TERRY management unrecorded; PROME records	Management review date UNRECORDED; expiry 2026-12-18	NOT_RECORDED	UNKNOWN	UNKNOWN		Exact contract management recorded; eventual disposition supported by broker/Will evidence. Holding observed x4 with basis $682.65 on capture received Oct7; capture date Oct7 confirmed by Will, exact time and entry fill UNKNOWN.		PROME/data/2026-10-07_broker-capture-TRANSCRIPTION.md	b9997eeea6f9a73bbe3406f22463b7122ab1ce92173eb6e407aca7256a0050f7	2026-10-07
Fidelity	OZK	$40P	2026-11-20	Will; TERRY management unrecorded; PROME records	Management review date UNRECORDED; expiry 2026-11-20	NOT_RECORDED	UNKNOWN	UNKNOWN		Exact contract management recorded; eventual disposition supported by broker/Will evidence. Holding observed x4 with basis $322.66 on capture received Oct7; capture date Oct7 confirmed by Will, exact time and entry fill UNKNOWN.		PROME/data/2026-10-07_broker-capture-TRANSCRIPTION.md	b9997eeea6f9a73bbe3406f22463b7122ab1ce92173eb6e407aca7256a0050f7	2026-10-07
