record_date	wam_months	wam_years	marketable_T	bills_pct
2001-06-30	72.57	6.05	2.807	22.09
2002-06-30	65.23	5.44	3.010	27.33
2003-06-30	58.86	4.90	3.379	27.46
2004-06-30	56.04	4.67	3.755	25.21
2005-06-30	55.44	4.62	4.017	22.99
2006-06-30	54.84	4.57	4.240	21.62
2007-06-30	56.74	4.73	4.298	20.22
2008-06-30	56.38	4.70	4.682	22.65
2009-06-30	50.85	4.24	6.600	30.40
2010-06-30	57.68	4.81	8.092	22.03
2011-06-30	61.98	5.17	9.326	16.42
2012-06-30	64.24	5.35	10.456	15.27
2012-12-31	64.82	5.40	11.046	14.75
2013-06-30	66.25	5.52	11.331	13.86
2014-12-31	68.33	5.69	12.505	11.66
2015-06-30	69.59	5.80	12.699	10.99
2016-12-31	69.33	5.78	13.812	13.16
2017-06-30	70.81	5.90	13.998	12.27
2018-12-31	69.15	5.76	15.608	14.99
2019-12-31	69.86	5.82	16.673	14.50
2020-06-30	61.83	5.15	19.899	25.53
2020-12-31	64.56	5.38	20.973	23.67
2021-06-30	69.08	5.76	21.733	19.67
2021-12-31	72.32	6.03	22.584	16.69
2022-06-30	74.27	6.19	23.307	15.12
2022-12-31	74.45	6.20	23.800	15.54
2023-06-30	73.41	6.12	24.881	17.95
2023-12-31	70.99	5.92	26.230	21.64
2024-03-31	70.53	5.88	26.814	22.61
2024-06-30	71.48	5.96	26.921	21.42
2024-12-31	70.77	5.90	28.276	21.88
2025-01-31	70.58	5.88	28.514	22.37
2025-03-31	71.29	5.94	28.582	21.54
2025-06-30	72.31	6.03	28.653	20.19
2025-09-30	70.87	5.91	29.711	21.53
2025-12-31	70.40	5.87	30.267	21.63
2026-01-31	70.64	5.89	30.100	21.91
2026-02-28	70.34	5.86	30.448	22.36
2026-03-31	70.14	5.85	30.842	22.11
2026-04-30	70.84	5.90	30.673	21.59
2026-05-31	70.64	5.89	30.750	21.98
2026-06-30	70.60	5.88	31.082	21.53
2026-07-31	70.03	5.84	31.451	22.22
