Topic	Domain	Type	Priority	Source	Notes

## STORY QUEUE — Briefings to Produce
BDC Implosion Watch	reginald	explainer	high	BROCK/STATUS.md	PSEC 35% PIK, $142B unfunded, HRZN collapse, AI infrastructure bubble
The SSB Bet	reginald	thesis	high	CORAL/STATUS.md	MF substandard 9.36%, "support and survive", contrarian position vs 11 analysts
VIX vs MOVE Divergence	henry	explainer	medium	HENRY/STATUS.md	Why equity vol spiked while bond vol stayed calm; Feb 11 NFP reaction
The AI Infrastructure Bubble	brock	explainer	medium	BROCK/STATUS.md	GPU-backed lending, neocloud risk, 2000 telecom parallels, HRZN canary
Warsh's Fed: What Changes?	liquid	analysis	medium	LIQUID/STATUS.md	Balance sheet hawk taking over — implications for SRF, crisis response
Counter-Thesis: Soft Landing	synthesis	counter-argument	low	—	Steelman the bull case
Small Business Breaking	labor	update	low	LABOR/STATUS.md	1-9 employee firms flipping negative, safety valve gone

## TEACHING QUEUE — Concepts to Explain/Reinforce
What is a CLO?	explainers	explainer	high	SAM/STATUS.md	Referenced often, Will asked about it indirectly — foundational for understanding Japan life insurer risk
WARN Filings as Leading Indicator	labor	explainer	medium	LABOR/STATUS.md	60-day lead on layoffs
The Transmission Chain	synthesis	explainer	medium	AGENTS.md	How LABOR → CARL → REGINALD connects
Fiscal vs Monetary Policy	explainers	explainer	medium	2026-02-08 session	Covered today but worth standalone reinforcement in different context
FX Intervention Mechanics	explainers	explainer	medium	2026-02-08 session	Covered stages today; historical examples would solidify
Carry Trade Deep Dive	explainers	explainer	medium	SAM briefings	Mentioned multiple times, deserves dedicated treatment
