Date	Title	Domain	Type	Length	File	Notes
2026-02-04	KRE Convergence Thesis	reginald	deep-dive	25min	briefings/KRE_Convergence_Briefing_2026-02-04.md	First briefing; 8-channel convergence thesis
2026-02-05	LABOR State of Play	labor	deep-dive	25min	AGENTS/LABOR/briefings/LABOR_Briefing_2026-02-05.md	Employment thesis; Hotel California framework
2026-02-08	Japan Election Endgame	sam	update	5min	domain/sam/japan_election_endgame_2026-02-08.md	Feb 8 election as swing factor; post-auction analysis
2026-02-08	Subprime Auto Implosion	carl	explainer	12min	domain/carl/subprime_auto_implosion_2026-02-08.md	32-yr high DQ; Tricolor fraud; warehouse lending transmission
2026-02-08	The Buffer is Gone	liquid	explainer	13min	domain/liquid/the_buffer_is_gone_2026-02-08.md	RRP depletion; loss of shock absorber; fragility mechanics
2026-02-10	The Employment Cliff	labor	update	12min	briefings/labor/the_employment_cliff_2026-02-10.md	Claims spike 231K; JOLTS 6.5M lowest since 2017; hiring freeze
2026-02-10	Florida Condo Reckoning	reginald	deep-dive	14min	briefings/reginald/florida_condo_crisis_2026-02-10.md	SIRS deadline; 1,438 blacklisted; receivership pipeline; Heron Pond case
2026-02-10	Shadow Defaults	reginald	explainer	13min	briefings/reginald/bdc_shadow_defaults_2026-02-10.md	BDC 6% real default rate; PIK masking; PSEC 35% PIK; $142B unfunded
2026-02-10	Bond Yields Explained	explainers	explainer	14min	briefings/explainers/bond_yields_explained_2026-02-10.md	Price/yield inverse; risk-on/off; recession pricing; Japan vs US; connects to thesis
